-- phpMyAdmin SQL Dump
-- version 5.0.2
-- https://www.phpmyadmin.net/
--
-- Host: 127.0.0.1
-- Generation Time: Nov 23, 2020 at 02:26 PM
-- Server version: 10.4.14-MariaDB
-- PHP Version: 7.4.10

SET SQL_MODE = "NO_AUTO_VALUE_ON_ZERO";
START TRANSACTION;
SET time_zone = "+00:00";


/*!40101 SET @OLD_CHARACTER_SET_CLIENT=@@CHARACTER_SET_CLIENT */;
/*!40101 SET @OLD_CHARACTER_SET_RESULTS=@@CHARACTER_SET_RESULTS */;
/*!40101 SET @OLD_COLLATION_CONNECTION=@@COLLATION_CONNECTION */;
/*!40101 SET NAMES utf8mb4 */;

--
-- Database: `web_assignment`
--

-- --------------------------------------------------------

--
-- Table structure for table `answer`
--

CREATE TABLE `answer` (
  `a_id` int(3) NOT NULL,
  `q_id` int(3) NOT NULL,
  `a_text` varchar(200) NOT NULL,
  `a_correct_flag` int(1) NOT NULL COMMENT 'correct answer flag'
) ENGINE=InnoDB DEFAULT CHARSET=utf8mb4;

--
-- Dumping data for table `answer`
--

INSERT INTO `answer` (`a_id`, `q_id`, `a_text`, `a_correct_flag`) VALUES
(1, 1, 'family', 1),
(2, 1, 'parents', 0),
(3, 1, 'children', 0),
(4, 2, 'brother', 0),
(5, 2, 'father', 1),
(6, 2, 'mother ', 0),
(7, 3, 'mother', 0),
(8, 3, 'brother', 1),
(9, 3, 'sister', 0),
(10, 4, 'Mr. Bayu', 0),
(11, 4, 'Selvi', 1),
(12, 4, 'Anto', 0),
(13, 5, 'aunt', 0),
(14, 5, 'father', 0),
(15, 5, 'uncle', 1),
(16, 6, 'nephew', 0),
(17, 6, 'cousin', 0),
(18, 6, 'niece', 0),
(19, 7, 'aunt', 0),
(20, 7, 'grandmother', 1),
(21, 7, 'sister', 0),
(22, 8, 'sister', 1),
(23, 8, 'father', 0),
(24, 8, 'niece', 0),
(25, 9, 'Rafi', 0),
(26, 9, 'Rosi', 0),
(27, 9, 'Seli', 1),
(28, 10, 'mother', 1),
(29, 10, 'sister', 0),
(30, 10, 'grandmother', 0),
(31, 11, 'aunt', 0),
(32, 11, 'cousin', 0),
(33, 11, 'sister', 1),
(34, 12, 'auntie', 0),
(35, 12, 'great aunt', 0),
(36, 12, 'grandmother', 1),
(37, 13, 'uncle', 0),
(38, 13, 'brother', 1),
(39, 13, 'cousin', 0),
(40, 14, 'step-brother', 1),
(41, 14, 'brother-in-law', 0),
(42, 14, 'step-son', 0),
(43, 15, 'nephew', 0),
(44, 15, 'niece', 1),
(45, 15, 'cousin', 0),
(46, 16, 'step-children', 0),
(47, 16, 'cousins', 1),
(48, 16, 'nephews and nieces', 0),
(49, 17, 'great uncle', 0),
(50, 17, 'great grandpa', 1),
(51, 17, 'great great grandpa', 0),
(52, 18, 'uncle', 1),
(53, 18, 'cousin', 0),
(54, 18, 'brother-in-law', 0),
(55, 19, 'brother-in-law', 1),
(56, 19, 'sibling', 0),
(57, 19, 'husband-in-law', 0),
(58, 20, 'grandmother', 0),
(59, 20, 'mother-in-law', 0),
(60, 20, 'wife', 1),
(61, 21, 'Cousin', 0),
(62, 21, 'Sibling', 0),
(63, 21, 'Uncle', 1),
(64, 22, 'Your son', 0),
(65, 22, 'Your father', 1),
(66, 22, 'Your nephew', 0),
(67, 23, 'Nephew', 0),
(68, 23, 'Uncle', 1),
(69, 23, 'Niece', 0),
(70, 24, 'You', 1),
(71, 24, 'Your cousin', 0),
(72, 24, 'Your son', 0),
(73, 25, 'Your grandmother', 0),
(74, 25, 'Your daughter', 1),
(75, 25, 'Your son', 0),
(76, 26, '4', 0),
(77, 26, '5', 0),
(78, 26, '3', 1),
(79, 27, 'Nephew', 1),
(80, 27, 'Mother-in-law', 0),
(81, 27, 'Niece', 0),
(82, 28, 'Son', 0),
(83, 28, 'Cousin', 1),
(84, 28, 'Spouse', 0),
(85, 29, 'Nephew', 0),
(86, 29, 'Uncle', 0),
(87, 29, 'Niece', 1),
(88, 30, '3', 1),
(89, 30, '7', 0),
(90, 30, '10', 0),
(91, 31, 'is sleeping', 1),
(92, 31, 'sleep', 0),
(93, 31, 'sleeps ', 0),
(94, 32, 'never watch', 0),
(95, 32, 'watch never ', 0),
(96, 32, 'never watches', 1),
(97, 33, 'is boiling ', 0),
(98, 33, 'boil', 0),
(99, 33, 'boils ', 1),
(100, 34, 'usually has', 1),
(101, 34, 'usually have', 0),
(102, 34, 'has usually', 0),
(103, 35, 'don\'t do', 0),
(104, 35, 'am not doing', 1),
(105, 35, 'doesn\'t do', 0),
(106, 36, 'sold', 1),
(107, 36, 'sell', 0),
(108, 36, 'selled ', 0),
(109, 37, 'didn\'t drink', 1),
(110, 37, 'didn\'t drank ', 0),
(111, 37, 'not drank', 0),
(112, 38, 'didn\'t won', 0),
(113, 38, 'not won', 0),
(114, 38, 'didn\'t win', 1),
(115, 39, 'start - finish', 0),
(116, 39, 'starts - finishs', 0),
(117, 39, 'starts - finishes', 1),
(118, 40, 'stay ', 0),
(119, 40, 'stayed ', 1),
(120, 40, 'stays ', 0),
(121, 41, 'will rain', 0),
(122, 41, 'is raining', 0),
(123, 41, 'is going to rain', 1),
(124, 42, 'has already watch', 0),
(125, 42, 'has already watches', 0),
(126, 42, 'has already watched', 1),
(127, 43, 'do ', 0),
(128, 43, 'am doing ', 0),
(129, 43, 'will do ', 1),
(130, 44, 'will wash', 1),
(131, 44, 'wash', 0),
(132, 44, 'am going to wash', 0),
(133, 45, 'delayed ', 1),
(134, 45, 'delay', 0),
(135, 45, 'was delaying', 0),
(136, 46, 'don\'t wear ', 0),
(137, 46, 'am not wearing', 1),
(138, 46, 'not wearing', 0),
(139, 47, 'takes off', 1),
(140, 47, 'take off', 0),
(141, 47, 'is going to take off', 0),
(142, 48, 'don\'t finish', 0),
(143, 48, 'won\'t finish', 1),
(144, 48, 'am not finishing ', 0),
(145, 49, 'work', 0),
(146, 49, 'was working', 0),
(147, 49, 'worked ', 1),
(148, 50, 'passes ', 0),
(149, 50, 'will pass ', 1),
(150, 50, 'pass ', 0),
(151, 51, 'got - already did', 0),
(152, 51, 'got - had already done', 1),
(153, 51, 'had got - had already done', 0),
(154, 52, 'have lost', 1),
(155, 52, 'has lost ', 0),
(156, 52, 'lost ', 0),
(157, 53, 'will mount', 0),
(158, 53, 'will have mounted', 1),
(159, 53, 'mounts', 0),
(160, 54, 'has ', 0),
(161, 54, 'has have', 0),
(162, 54, 'has had', 1),
(163, 55, 'was working', 1),
(164, 55, 'worked', 0),
(165, 55, 'work', 0),
(166, 56, 'was cooking - was ringing', 0),
(167, 56, 'was cooking - \rrang ', 1),
(168, 56, 'cooked - was ringing', 0),
(169, 57, 'made ', 0),
(170, 57, 'was making', 0),
(171, 57, 'had made', 1),
(172, 58, 'is - teaches', 0),
(173, 58, 'has been - has taught', 1),
(174, 58, 'has been - has been teaching', 0),
(175, 59, 'will stop', 0),
(176, 59, 'stops ', 1),
(177, 59, 'is stopping  ', 0),
(178, 60, 'will have eaten', 1),
(179, 60, 'eat ', 0),
(180, 60, 'will eat', 0),
(181, 61, 'Crystals', 1),
(182, 61, 'Cream', 0),
(183, 61, 'Age', 0),
(184, 62, 'The', 0),
(185, 62, 'A ', 0),
(186, 62, 'An', 1),
(187, 63, 'Mean', 0),
(188, 63, 'Means', 0),
(189, 63, 'Meaning', 1),
(190, 64, 'Relative', 1),
(191, 64, 'Related', 0),
(192, 64, 'Geographic', 0),
(193, 65, 'Arises', 0),
(194, 65, 'Rises', 1),
(195, 65, 'Raises', 0),
(196, 66, 'Fundamental', 1),
(197, 66, 'Basic', 0),
(198, 66, 'Foundation', 0),
(199, 67, 'Equivalent', 1),
(200, 67, 'Equal', 0),
(201, 67, 'Identical', 0),
(202, 68, 'To survive', 0),
(203, 68, 'Surviving', 0),
(204, 68, 'Survive', 1),
(205, 69, 'Up', 0),
(206, 69, 'Forward', 0),
(207, 69, 'Forth', 1),
(208, 70, 'Degree', 0),
(209, 70, 'Rate', 1),
(210, 70, 'Level', 0),
(211, 71, 'Value', 0),
(212, 71, 'Meaning', 0),
(213, 71, 'Understanding', 1),
(214, 72, 'Sleepiness', 0),
(215, 72, 'Sleeping', 0),
(216, 72, 'Sleep', 1),
(217, 73, 'Huge', 0),
(218, 73, 'Much', 0),
(219, 73, 'Many', 1),
(220, 74, 'Inhabits', 1),
(221, 74, 'Lives', 0),
(222, 74, 'Settles', 0),
(223, 75, 'Biggest', 1),
(224, 75, 'Hugest', 0),
(225, 75, 'Most spacious', 0),
(226, 76, 'Electricity', 0),
(227, 76, 'Electrical', 1),
(228, 76, 'Election', 0),
(229, 77, 'Transmitters', 1),
(230, 77, 'Transformers', 0),
(231, 77, 'Transistors', 0),
(232, 78, 'Started', 0),
(233, 78, 'Launched', 1),
(234, 78, 'Operated', 0),
(235, 79, 'Limbs', 0),
(236, 79, 'Feet', 0),
(237, 79, 'Arms', 1),
(238, 80, 'Endure', 0),
(239, 80, 'Cope', 1),
(240, 80, 'Overcome', 0),
(241, 81, 'Star', 0),
(242, 81, 'Planet', 1),
(243, 81, 'Meteoroid', 0),
(244, 82, 'Temperature', 1),
(245, 82, 'Degree', 0),
(246, 82, 'Pressure', 0),
(247, 83, 'Organized', 0),
(248, 83, 'Established', 1),
(249, 83, 'Defined', 0),
(250, 84, 'Intersecting', 0),
(251, 84, 'Integrated', 0),
(252, 84, 'Interrelated', 1),
(253, 85, 'Identical', 1),
(254, 85, 'Equivalent', 0),
(255, 85, 'Equal', 0),
(256, 86, 'Rhythmically', 0),
(257, 86, 'Periodical', 1),
(258, 86, 'Occasionally', 0),
(259, 87, 'Fungi', 0),
(260, 87, 'Bacteria', 0),
(261, 87, 'Virus', 1),
(262, 88, 'Kills', 0),
(263, 88, 'Death', 1),
(264, 88, 'Demise', 0),
(265, 89, 'Gets twice', 0),
(266, 89, 'Doubles', 1),
(267, 89, 'Duplicates', 0),
(268, 90, 'Conductor', 1),
(269, 90, 'Connector', 0),
(270, 90, 'Linker', 0),
(271, 91, 'Ottawa', 1),
(272, 91, 'Toronto', 0),
(273, 91, 'Vancouver', 0),
(274, 92, 'Singapore', 0),
(275, 92, 'Vietnam', 1),
(276, 92, 'Cambodia', 0),
(277, 93, '8000m', 0),
(278, 93, '8848m', 1),
(279, 93, '9000m', 0),
(280, 94, 'Alaska', 0),
(281, 94, 'Indiana', 1),
(282, 94, 'Minnesota', 0),
(283, 95, 'Ukraine', 0),
(284, 95, 'Georgia', 0),
(285, 95, 'Poland', 1),
(286, 96, 'Prague', 0),
(287, 96, 'Cairo', 0),
(288, 96, 'Ho Chi Minh City', 1),
(289, 97, 'Lisbon', 1),
(290, 97, 'Monaco', 0),
(291, 97, 'Barcelona', 0),
(292, 98, 'Honduras', 0),
(293, 98, 'Panama', 0),
(294, 98, 'Brazil', 1),
(295, 99, 'China', 0),
(296, 99, 'Taiwan', 1),
(297, 99, 'Iran', 0),
(298, 100, 'The Alps', 0),
(299, 100, 'Carpathian Mountains', 0),
(300, 100, 'Atlas Mountains', 1),
(301, 101, 'Malaysia', 0),
(302, 101, 'Philipines', 1),
(303, 101, 'Australia', 0),
(304, 102, 'Nepal', 0),
(305, 102, 'Turkey', 1),
(306, 102, 'Austria', 0),
(307, 103, 'Rome', 1),
(308, 103, 'Barcelona', 0),
(309, 103, 'Madrid', 0),
(310, 104, '5', 0),
(311, 104, '10', 1),
(312, 104, '20', 0),
(313, 105, 'Ethiopia and Kenya', 0),
(314, 105, 'Brazil and Argentina', 1),
(315, 105, 'Tanzania and Zambia', 0),
(316, 106, 'Addo Elephant Park', 0),
(317, 106, 'Table Mountain National Park', 0),
(318, 106, 'Goreme National Park', 1),
(319, 107, 'Oman', 0),
(320, 107, 'Netherlands', 1),
(321, 107, 'Finland', 0),
(322, 108, 'St Stephen’s Tower', 0),
(323, 108, 'Elizabeth Tower', 1),
(324, 108, 'The Victoria Tower', 0),
(325, 109, 'Indonesia', 1),
(326, 109, 'Vietnam', 0),
(327, 109, 'Seoul', 0),
(328, 110, 'Hummus', 0),
(329, 110, 'Pierogi', 0),
(330, 110, 'Dolma', 1),
(331, 111, 'Pakistan', 0),
(332, 111, 'Colombia', 0),
(333, 111, 'Philipines', 1),
(334, 112, 'The Shard, London', 0),
(335, 112, 'Burj Khalifa, Dubai', 1),
(336, 112, 'Ostankino Tower, Moscow', 0),
(337, 113, 'Camberra', 1),
(338, 113, 'Wellington', 0),
(339, 113, 'Queenstown', 0),
(340, 114, 'Batman', 0),
(341, 114, 'Supperman II', 1),
(342, 114, 'Fast and Furious', 0),
(343, 115, '4', 0),
(344, 115, '8', 1),
(345, 115, '10', 0),
(346, 116, 'Poland', 1),
(347, 116, 'Latvia', 0),
(348, 116, 'Italy', 0),
(349, 117, 'Estonia, Latvia, Lithuania', 1),
(350, 117, 'Poland, Czech Republic, Austria', 0),
(351, 117, 'Croatia, Slovenia, Italy', 0),
(352, 118, 'Germany', 0),
(353, 118, 'Czech Republic', 1),
(354, 118, 'France', 0),
(355, 119, 'Norway', 0),
(356, 119, 'United States', 0),
(357, 119, 'Morocco', 1),
(358, 120, 'Portugal', 0),
(359, 120, 'Ireland', 0),
(360, 120, 'North Korea', 1),
(361, 121, 'an Army', 0),
(362, 121, 'a Suprise', 0),
(363, 121, 'A Parliament', 1),
(364, 122, '8', 1),
(365, 122, '10', 0),
(366, 122, '12', 0),
(367, 123, 'Less than 5 years', 0),
(368, 123, '30 years old', 0),
(369, 123, 'More than 100 years', 1),
(370, 124, 'Dolphins', 1),
(371, 124, 'Mice', 0),
(372, 124, 'Pigs', 0),
(373, 125, 'Walk on water', 1),
(374, 125, 'Fly', 0),
(375, 125, 'Jump', 0),
(376, 126, 'India', 0),
(377, 126, 'Vietnam', 0),
(378, 126, 'Japan', 1),
(379, 127, 'Impala', 0),
(380, 127, 'Gazelle', 0),
(381, 127, 'Marten', 1),
(382, 128, 'about 10000', 0),
(383, 128, 'about 25000', 1),
(384, 128, 'about a million', 0),
(385, 129, 'Himalayas', 1),
(386, 129, 'Alps', 0),
(387, 129, 'Andes', 0),
(388, 130, 'Apes', 0),
(389, 130, 'Bees', 1),
(390, 130, 'Birds', 0),
(391, 131, 'Crustacean', 0),
(392, 131, 'Fish', 1),
(393, 131, 'Shell', 0),
(394, 132, 'Dachshund', 0),
(395, 132, 'Poodle', 0),
(396, 132, 'Chihuahua', 1),
(397, 133, 'White - black', 1),
(398, 133, 'Grey - black', 0),
(399, 133, 'Grey', 0),
(400, 134, 'Stork', 0),
(401, 134, 'Swan', 0),
(402, 134, 'Condor', 1),
(403, 135, 'Blue whale', 0),
(404, 135, 'Elephant', 0),
(405, 135, 'Dinosaurus', 1),
(406, 136, 'Quahog', 1),
(407, 136, 'Urchin', 0),
(408, 136, 'Rockfish', 0),
(409, 137, 'Mares', 0),
(410, 137, 'Sows', 0),
(411, 137, 'Cows', 1),
(412, 138, 'Flamingos', 1),
(413, 138, 'Gorillas', 0),
(414, 138, 'Ravens', 0),
(415, 139, 'Sailfish', 1),
(416, 139, 'Porpoise', 0),
(417, 139, 'Tuna', 0),
(418, 140, 'Birds', 0),
(419, 140, 'Cats', 1),
(420, 140, 'Dogs', 0),
(421, 141, 'About 25 million years', 0),
(422, 141, 'About 65 million years', 1),
(423, 141, 'About 100 million years', 0),
(424, 142, 'Fishes', 0),
(425, 142, 'Lizards', 0),
(426, 142, 'Birds', 1),
(427, 143, 'Canine', 0),
(428, 143, 'Second Incisor', 1),
(429, 143, 'Molar', 0),
(430, 144, 'Whales', 1),
(431, 144, 'Alytes', 0),
(432, 144, 'Draco', 0),
(433, 145, 'Birds', 1),
(434, 145, 'Mammals', 0),
(435, 145, 'Amphibians', 0),
(436, 146, 'Jammu and Kashmir, Himachal Pradesh, Uttarakhand, Arunachal Pradesh and Sikkim', 1),
(437, 146, 'Jammu and Kashmir and Himachal Pradesh only', 0),
(438, 146, 'Jammu and Kashmir, Himachal Pradesh, Uttarakhand and Arunachal Pradesh only', 0),
(439, 147, 'Horse and bull', 1),
(440, 147, 'Elephant, tiger and bull', 0),
(441, 147, 'Bull, deer and eagle', 0),
(442, 148, 'Jaguar', 0),
(443, 148, 'Cheetah', 1),
(444, 148, 'Leopard', 0),
(445, 149, 'Lion', 0),
(446, 149, 'Frog', 0),
(447, 149, 'Polar bear', 1),
(448, 150, 'Dayak fruit bat', 1),
(449, 150, 'Blue Whale', 0),
(450, 150, 'Sunda flying lemur', 0),
(451, 151, 'bank teller', 1),
(452, 151, 'bank security', 0),
(453, 151, 'bank receptionist', 0),
(454, 152, 'police officer', 1),
(455, 152, 'fire fighter', 0),
(456, 152, 'security guard', 0),
(457, 153, 'cashier', 1),
(458, 153, 'receptionist', 0),
(459, 153, 'veterinarian', 0),
(460, 154, 'teacher', 1),
(461, 154, 'sitter', 0),
(462, 154, 'taxi driver', 0),
(463, 155, 'firefighter', 1),
(464, 155, 'waterman', 0),
(465, 155, 'plumber', 0),
(466, 156, 'veterinarian', 1),
(467, 156, 'police officer', 0),
(468, 156, 'fire fighter', 0),
(469, 157, 'nurse', 0),
(470, 157, 'doctor', 0),
(471, 157, 'sitter', 0),
(472, 158, 'lawyer', 1),
(473, 158, 'waterman', 0),
(474, 158, 'cashier', 0),
(475, 159, 'musician', 1),
(476, 159, 'veterinarian', 0),
(477, 159, 'doctor', 0),
(478, 160, 'construction worker', 1),
(479, 160, 'lawyer', 0),
(480, 160, 'police officer', 0),
(481, 161, 'shopkeeper', 1),
(482, 161, 'occupation', 0),
(483, 161, 'apply', 0),
(484, 162, 'officer', 1),
(485, 162, 'steward', 0),
(486, 162, 'profession', 0),
(487, 163, 'priest', 1),
(488, 163, 'diploma', 0),
(489, 163, 'canteen', 0),
(490, 164, 'publisher', 1),
(491, 164, 'salesman', 0),
(492, 164, 'model', 0),
(493, 165, 'grocer', 1),
(494, 165, 'fireman', 0),
(495, 165, 'captain', 0),
(496, 166, 'farmer', 0),
(497, 166, 'sailor', 0),
(498, 166, 'colleague', 1),
(499, 167, 'operator', 1),
(500, 167, 'retire', 0),
(501, 167, 'apply', 0),
(502, 168, 'director', 1),
(503, 168, 'teacher', 0),
(504, 168, 'detective', 0),
(505, 169, 'company', 1),
(506, 169, 'steward', 0),
(507, 169, 'interpreter', 0),
(508, 170, 'department', 1),
(509, 170, 'company', 0),
(510, 170, 'instructor', 0),
(511, 171, 'keeper', 1),
(512, 171, 'pianist', 0),
(513, 171, 'engineer', 0),
(514, 172, 'nurse', 1),
(515, 172, 'florist', 0),
(516, 172, 'tailor', 1),
(517, 173, 'baker', 0),
(518, 173, 'actor', 0),
(519, 173, 'teacher', 0),
(520, 174, 'mechanic', 1),
(521, 174, 'operator', 0),
(522, 174, 'postman', 0),
(523, 175, 'secretary', 1),
(524, 175, 'novelist', 0),
(525, 175, 'writer', 0),
(526, 176, 'porter', 1),
(527, 176, 'chemist', 0),
(528, 176, 'farmer', 0),
(529, 177, 'manager', 1),
(530, 177, 'employee', 0),
(531, 177, 'clerk', 0),
(532, 178, 'miner', 1),
(533, 178, 'pharmacist', 0),
(534, 178, 'plumber', 0),
(535, 179, 'lawyer', 0),
(536, 179, 'judge', 1),
(537, 179, 'clerk', 0),
(538, 180, 'editor', 1),
(539, 180, 'writer', 0),
(540, 180, 'surgeon', 0);

-- --------------------------------------------------------

--
-- Table structure for table `category`
--

CREATE TABLE `category` (
  `c_id` int(3) NOT NULL,
  `c_name` varchar(50) NOT NULL
) ENGINE=InnoDB DEFAULT CHARSET=utf8mb4;

--
-- Dumping data for table `category`
--

INSERT INTO `category` (`c_id`, `c_name`) VALUES
(1, 'Family'),
(2, 'Tense'),
(3, 'Science'),
(4, 'Country'),
(5, 'Animal'),
(6, 'Profession');

-- --------------------------------------------------------

--
-- Table structure for table `question`
--

CREATE TABLE `question` (
  `q_id` int(3) NOT NULL COMMENT 'question id',
  `q_level` int(1) NOT NULL COMMENT 'question level/difficulty',
  `q_category` int(3) NOT NULL COMMENT 'question category',
  `q_text` varchar(200) NOT NULL COMMENT 'question text'
) ENGINE=InnoDB DEFAULT CHARSET=utf8mb4;

--
-- Dumping data for table `question`
--

INSERT INTO `question` (`q_id`, `q_level`, `q_category`, `q_text`) VALUES
(1, 1, 1, 'Father, mother, brother and sister are my ...'),
(2, 1, 1, 'Mr.Bayu is Gina\'s ?'),
(3, 1, 1, 'Anto is Gina\'s ...'),
(4, 1, 1, 'Gina\'s sister is ...'),
(5, 1, 1, 'Mr. Fikri is Fatur\'s....'),
(6, 1, 1, 'Fatur is Fikri\'s ...'),
(7, 1, 1, 'Mrs. Jaka is Fatur\'s ...'),
(8, 1, 1, 'Seli is Fatur\'s ...'),
(9, 1, 1, '... is Fatur\'s sister.'),
(10, 1, 1, 'Mrs. Rosi is Fatur\'s...'),
(11, 2, 1, 'My mother\'s daughter is my'),
(12, 2, 1, 'My mother\'s mother is my'),
(13, 2, 1, 'My father\'s son is my'),
(14, 2, 1, 'My step-mother\'s son is my'),
(15, 2, 1, 'My brother\'s daughter is my'),
(16, 2, 1, 'My aunt\'s children are my'),
(17, 2, 1, 'My grandpa\'s father is my'),
(18, 2, 1, 'My dad\'s brother is my'),
(19, 2, 1, 'My sister\'s husband is my'),
(20, 2, 1, 'My female spouse is my'),
(21, 3, 1, 'Which of these can’t be BOTH a boy or girl?'),
(22, 3, 1, 'Who is your grandmother’s grandchild’s father?'),
(23, 3, 1, 'Who is your aunt\'s husband?'),
(24, 3, 1, 'Who is your father’s wife’s child?'),
(25, 3, 1, 'Who is your grandson\'s mother?'),
(26, 3, 1, 'Your brother\'s mother\'s husband has four children. How many siblings do you have?'),
(27, 3, 1, 'Which of these is not a girl?'),
(28, 3, 1, 'Which of these is NOT in your immediate family?'),
(29, 3, 1, 'Which of these is not a boy?'),
(30, 3, 1, 'Your father has two sisters and three brothers. Your mother has one sister and four brothers. How many aunts do you have?'),
(31, 1, 2, 'He ... (sleep) at the momement.'),
(32, 1, 2, 'Marry ... (never/watch) TV at night.'),
(33, 1, 2, 'Water ... (boil) at degrees Celcius'),
(34, 1, 2, 'Our school ... (usually/have) breaks in the morning and afternoon'),
(35, 1, 2, 'I ... (not do) my homework now.'),
(36, 1, 2, 'She ... (sell) the house two days ago.'),
(37, 1, 2, 'They ... (not drink) milk for breakfast yesterday.'),
(38, 1, 2, 'Unfortunately, our team ... (not win) any games last year.'),
(39, 1, 2, 'School .. (start) in September and ... (finish) in June.'),
(40, 1, 2, 'Amy ... (stay) at her friend\'s house last night.'),
(41, 2, 2, 'Look at those dark clouds. It ... (rain).'),
(42, 2, 2, 'Jack ... (already/watch) this film.'),
(43, 2, 2, 'I promise I ... (do) it today.'),
(44, 2, 2, 'I know my clothes are dirty. I ... (wash) them tomorrow.'),
(45, 2, 2, 'Bad weather ... (delay) our flight to Madagascar last summer.'),
(46, 2, 2, 'I ... (not wear) my watch becaues it is being fixed.'),
(47, 2, 2, 'My plane ... (take off) at 6 tomorrow morning.'),
(48, 2, 2, 'I\'m afriad I ... (not/finish) this essay tomorrow.'),
(49, 2, 2, 'My uncle ... (work) in Dublin from 2002-2008.'),
(50, 2, 2, 'I think he ... (pass) the exam.'),
(51, 3, 2, 'By the time Monica ... (get) to the librabry, Elena ... (already/do) all the research.'),
(52, 3, 2, 'I ... (lose) my keys and now I can\'t go outside!'),
(53, 3, 2, 'By the end of the day, Aaron ... (mount) about 80 tyers.'),
(54, 3, 2, 'It is the first time she ... (have) a car accident.'),
(55, 3, 2, 'I ... (work) in the garden all day yesterday.'),
(56, 3, 2, 'While I ... (cook) dinner, the phone .... (ring).'),
(57, 3, 2, 'I was angry that I ... (make) such a stupid mistake.'),
(58, 3, 2, 'She ... (be) a music teacher for twelve years and ... (teach) here since 2004.'),
(59, 3, 2, 'They have decided to go home by bus, which ... (stop) in front of the garage every hour.'),
(60, 3, 2, 'I am afraid they ... (eat) everything by the time we arrive.'),
(61, 1, 3, 'Once it gets cold enough, the expanding water molecules begin to form ice ...'),
(62, 1, 3, 'Renewable resources are ... energy source that cannot be depleted and are able to supply a continuous source of clean energy.'),
(63, 1, 3, 'Sapiens, a Latin word ... \"one who knows\"'),
(64, 1, 3, 'A genetic map is a type of chromosome map that shows the ... locations of genes and other important features.'),
(65, 1, 3, 'Sun ... in the east and sets in the west'),
(66, 1, 3, 'Quantum mechanics is a ... theory in physics that provides a description of the physical properties of nature at the scale of atoms and subatomic particles.'),
(67, 1, 3, 'There are several alternative ways to state Fermat\'s Last Theorem that are mathematically ... to the original statement of the problem.'),
(68, 1, 3, 'Changes that allow an organism to better adapt to its environment will help it ... and have more offspring.'),
(69, 1, 3, 'Scientific research involves continually moving back and ... between theory and observations.'),
(70, 1, 3, 'In mechanics, acceleration is the ... of change of the velocity of an object with respect to time.'),
(71, 2, 3, 'The ... of the biological basis of learning, memory, behavior, perception, and consciousness has been described by Eric Kandel as the \"ultimate challenge\" of the biological sciences'),
(72, 2, 3, 'Within the brain, ... enriches our ability to learn, memorize, and make logical decisions'),
(73, 2, 3, 'Light spectrum is the ... different wavelengths of energy produced by a light source'),
(74, 2, 3, 'The “black,” or black-mouthed, mamba (Dendroaspis polylepis) ... rocky savanna and can often be encountered on the ground, where it seems to be fond of termite mounds'),
(75, 2, 3, 'The Antarctic blue whale (Balaenoptera musculus ssp. Intermedia) is the ... animal on the planet, weighing up to 400,000 pounds (approximately 33 elephants) and reaching up to 98 feet in length.'),
(76, 2, 3, 'Some people thought that signaling across a synapse involved the flow of ions directly from one neuron into another—... transmission.'),
(77, 2, 3, 'The neuropeptides are each made up of three or more amino acids and are larger than the small molecule ....'),
(78, 2, 3, 'The Hubble Space Telescope (often referred to as HST or Hubble) is a space telescope that was launched into low Earth orbit in 1990 and remains in operation.'),
(79, 2, 3, 'The bright, light-blue regions on the outer edges indicate the presence of baby stars that formed from combining gas and dust in the galaxy’s outer arms.'),
(80, 2, 3, 'When the body becomes resistant to insulin, it tries to cope by producing more insulin'),
(81, 3, 3, 'Another way to measure a day is to count the amount of time it takes for a ... to completely spin around'),
(82, 3, 3, 'The average global ... has increased at the fastest rate in recorded history'),
(83, 3, 3, 'By following inheritance patterns, the relative locations of genes along the chromosome are ....'),
(84, 3, 3, 'The theory of relativity usually encompasses two ... theories by Albert Einstein: special relativity and general relativity.'),
(85, 3, 3, 'In physics, the twin paradox is a thought experiment in special relativity involving identical twins, one of whom makes a journey into space in a high-speed rocket and returns home to find that the tw'),
(86, 3, 3, 'In academic publishing, a scientific journal is a periodical publication intended to further the progress of science.'),
(87, 3, 3, 'Pasteur produced the first vaccine for rabies by growing the ... in rabbits, and then weakening it by drying the affected nerve tissue.'),
(88, 3, 3, 'In the 19th century, diseases like tuberculosis, cholera, diphtheria and wound infections were the most common cause of ... worldwide.'),
(89, 3, 3, 'Moore\'s law is the observation that the number of transistors in a dense integrated circuit (IC) ... about every two years.'),
(90, 3, 3, 'A semiconductor material has an electrical conductivity value falling between that of a conductor, and an insulator'),
(91, 1, 4, 'What is the capital of Canada?'),
(92, 1, 4, 'Hanoi is the capital of which country?'),
(93, 1, 4, 'How high is Mount Everest?'),
(94, 1, 4, 'Which of these U.S. states does not border Canada?'),
(95, 1, 4, 'Which of these countries was not a part of the Soviet Union?'),
(96, 1, 4, 'Which of these cities is not a national capital?'),
(97, 1, 4, 'Which of these cities does not border the Mediterranean Sea?'),
(98, 1, 4, 'Which one of these countries is not in Central America?'),
(99, 1, 4, 'Which of these countries is not recognized by the United Nations?'),
(100, 1, 4, 'Which of these mountain ranges is not in Europe?'),
(101, 2, 4, 'Where are the Whitsunday Islands located?'),
(102, 2, 4, 'Which of these countries is not landlocked?'),
(103, 2, 4, 'The Spanish Steps are found in which city'),
(104, 2, 4, 'How many provinces are there in Canada?'),
(105, 2, 4, 'Which two countries in South America are the Iguazu Falls part of?'),
(106, 2, 4, 'Which of these is not a South Africa national park?'),
(107, 2, 4, 'The Aruba Caribbean island is a territory of which European country?'),
(108, 2, 4, 'What is the official name of Big Ben tower?'),
(109, 2, 4, 'Where in Asia will you find Mount Bromo?'),
(110, 2, 4, 'What is the name of popular middle eastern dish?'),
(111, 3, 4, 'Where in Asia is The Chocolate Hills ?'),
(112, 3, 4, 'Which of these is the tallest?'),
(113, 3, 4, 'Which of these cities is not in New Zealand?'),
(114, 3, 4, 'Which superhero movie was Niagara Falls used in?'),
(115, 3, 4, 'How many countries connect to the Austrian border?'),
(116, 3, 4, 'LOT is the national airline of which European country?'),
(117, 3, 4, 'The Baltic States refer to which countries?'),
(118, 3, 4, 'Bohemian Switzerland National Park is in which country?'),
(119, 3, 4, 'Which of these countries is not one of the top 20 oil producers?'),
(120, 3, 4, 'Which of these countries does not have only one border?'),
(121, 1, 5, 'What is a group of owls called?'),
(122, 1, 5, 'How many arms (mistakenly called tentacles) do octopuses have?'),
(123, 1, 5, 'What\'s the longest a lobster can live?'),
(124, 1, 5, 'Which of these animals uses echolocation to navigate?'),
(125, 1, 5, 'What can a Jesus Christ lizard do?'),
(126, 1, 5, 'In what country would you find the world\'s northernmost wild monkey population?'),
(127, 1, 5, 'Which of the following is not a type of antelope?'),
(128, 1, 5, 'How many rhinoceroses still exist in the wild?'),
(129, 1, 5, 'In what mountain range could you encounter a wild yak?'),
(130, 1, 5, 'What type of animal would you find in an apiary?'),
(131, 2, 5, 'What type of animal is a seahorse?'),
(132, 2, 5, 'Which of the following dog breeds is the smallest?'),
(133, 2, 5, 'What color are zebras?'),
(134, 2, 5, 'What existing bird has the largest wingspan?'),
(135, 2, 5, 'What is the biggest animal that has ever lived?'),
(136, 2, 5, 'Which of these animals lives the longest?'),
(137, 2, 5, 'What are female elephants called?'),
(138, 2, 5, 'Which of the following animals sleeps standing up?'),
(139, 2, 5, 'What is the fastest water animal?'),
(140, 2, 5, 'Fill in the blank: Out of these pets, there are the most pet ... in the U.S.'),
(141, 3, 5, 'For how many years have the dinosaurs been extinct?'),
(142, 3, 5, 'Darwin finches refers to a group of'),
(143, 3, 5, 'Which part becomes modified as the tusk of elephant?'),
(144, 3, 5, 'Which of the following are warm-blooded animals?'),
(145, 3, 5, 'Syrinx is the voice box in ...'),
(146, 3, 5, 'The project snow Leopard to conserve the endangered species, launched by the union ministry of environment and forests covers the states of'),
(147, 3, 5, 'Among the following animals, the figures of which are found in the state emblem of India?'),
(148, 3, 5, 'In which one of the following animals do distinct black stripes extend from the inner corners of the eyes to the mouth?'),
(149, 3, 5, 'This animal fasts for about 8 months in a year and yet is active, gives birth, and nurses its young while fasting. Name the animal.'),
(150, 3, 5, 'In which of the following species does the male have mammary glands to feed milk to its young?'),
(151, 1, 6, 'Gina helps people withdraw and deposit money into their bank account. She is a'),
(152, 1, 6, 'Debbie helps catch criminals. She is a'),
(153, 1, 6, 'David helps people pay for their groceries in a supermarket. He is a'),
(154, 1, 6, 'Steve helps people learn new languages. He is a'),
(155, 1, 6, 'Patricia helps put out fires. She is a'),
(156, 1, 6, 'Rita helps sick animals. She is a'),
(157, 1, 6, 'John helps take care of patients in a hospital. He is a'),
(158, 1, 6, 'Frank works in a courthouse. He is a'),
(159, 1, 6, 'Maria plays the guitar. She is a'),
(160, 1, 6, 'Jim builds people\'s houses. He is a'),
(161, 2, 6, 'A merchant who owns or manages a shop'),
(162, 2, 6, 'Any person in the armed services who holds a position of authority or command'),
(163, 2, 6, 'A clergyman in Christian churches who has the authority to perform or administer various religious rites'),
(164, 2, 6, 'A person engaged in publishing periodicals or books or music'),
(165, 2, 6, 'A retail merchant who sells foodstuffs (and some household supplies)'),
(166, 2, 6, 'An associate that one works with'),
(167, 2, 6, 'An agent that operates some apparatus or machine'),
(168, 2, 6, 'Someone who controls resources and expenditures'),
(169, 2, 6, 'An institution created to conduct business'),
(170, 2, 6, 'A specialized division of a large organization'),
(171, 3, 6, 'Look! The ________ is feeding the lions.'),
(172, 3, 6, 'The _______ gives me the medicine once a day.'),
(173, 3, 6, 'He wants the ___________ to make a special cake.'),
(174, 3, 6, 'I think the ___________ will repair my bike quickly.'),
(175, 3, 6, 'The manager wants his ___________ to write a letter.'),
(176, 3, 6, 'The ________ will take our baggage into the room.'),
(177, 3, 6, 'He is the general ___________ of my company.'),
(178, 3, 6, 'You don\'t see a lot of daylight if you work as a ___________.'),
(179, 3, 6, 'The ________ sentenced the defendants to two years in prison.'),
(180, 3, 6, 'I gave it to the _____ to find and correct mistakes.');

-- --------------------------------------------------------

--
-- Table structure for table `submission`
--

CREATE TABLE `submission` (
  `s_id` int(5) NOT NULL,
  `username` text NOT NULL,
  `s_category` int(3) NOT NULL,
  `s_level` int(1) NOT NULL,
  `s_score` int(3) NOT NULL,
  `s_date` datetime NOT NULL DEFAULT current_timestamp()
) ENGINE=InnoDB DEFAULT CHARSET=utf8mb4;

-- --------------------------------------------------------

--
-- Table structure for table `users`
--

CREATE TABLE `users` (
  `username` text NOT NULL,
  `password` text NOT NULL,
  `role` int(1) NOT NULL DEFAULT 1
) ENGINE=InnoDB DEFAULT CHARSET=utf8mb4;

--
-- Dumping data for table `users`
--

INSERT INTO `users` (`username`, `password`, `role`) VALUES
('admin', '21232f297a57a5a743894a0e4a801fc3', 3),
('staff', '1253208465b1efa876f982d8a9e73eef', 2);

--
-- Indexes for dumped tables
--

--
-- Indexes for table `answer`
--
ALTER TABLE `answer`
  ADD PRIMARY KEY (`a_id`),
  ADD KEY `q_id` (`q_id`);

--
-- Indexes for table `category`
--
ALTER TABLE `category`
  ADD PRIMARY KEY (`c_id`);

--
-- Indexes for table `question`
--
ALTER TABLE `question`
  ADD PRIMARY KEY (`q_id`),
  ADD KEY `q_category` (`q_category`);

--
-- Indexes for table `submission`
--
ALTER TABLE `submission`
  ADD PRIMARY KEY (`s_id`),
  ADD KEY `s_category` (`s_category`);

--
-- Indexes for table `users`
--
ALTER TABLE `users`
  ADD UNIQUE KEY `username` (`username`) USING HASH;

--
-- AUTO_INCREMENT for dumped tables
--

--
-- AUTO_INCREMENT for table `answer`
--
ALTER TABLE `answer`
  MODIFY `a_id` int(3) NOT NULL AUTO_INCREMENT, AUTO_INCREMENT=541;

--
-- AUTO_INCREMENT for table `category`
--
ALTER TABLE `category`
  MODIFY `c_id` int(3) NOT NULL AUTO_INCREMENT, AUTO_INCREMENT=7;

--
-- AUTO_INCREMENT for table `question`
--
ALTER TABLE `question`
  MODIFY `q_id` int(3) NOT NULL AUTO_INCREMENT COMMENT 'question id', AUTO_INCREMENT=181;

--
-- AUTO_INCREMENT for table `submission`
--
ALTER TABLE `submission`
  MODIFY `s_id` int(5) NOT NULL AUTO_INCREMENT, AUTO_INCREMENT=18;

--
-- Constraints for dumped tables
--

--
-- Constraints for table `answer`
--
ALTER TABLE `answer`
  ADD CONSTRAINT `answer_ibfk_1` FOREIGN KEY (`q_id`) REFERENCES `question` (`q_id`);

--
-- Constraints for table `question`
--
ALTER TABLE `question`
  ADD CONSTRAINT `question_ibfk_1` FOREIGN KEY (`q_category`) REFERENCES `category` (`c_id`);
COMMIT;

/*!40101 SET CHARACTER_SET_CLIENT=@OLD_CHARACTER_SET_CLIENT */;
/*!40101 SET CHARACTER_SET_RESULTS=@OLD_CHARACTER_SET_RESULTS */;
/*!40101 SET COLLATION_CONNECTION=@OLD_COLLATION_CONNECTION */;
